18405,18418,202,18201,2,2015.0,,ïüà‰és,126789,1098,1027,1073,1174,1170,1167,1171,1187,1222,1121,1158,1183,1213,1267,1259,1329,1378,1397,1315,1286,1300,1182,1154,1144,1128,1015,1152,1162,1217,1276,1339,1450,1391,1343,1346,1546,1563,1637,1623,1680,1812,1893,1957,1920,1828,1779,1714,1678,1725,1194,1740,1554,1567,1542,1539,1539,1563,1563,1461,1460,1598,1572,1646,1680,1822,2031,2278,2325,2012,1006,1303,1560,1587,1546,1444,1234,1002,1037,1127,1278,983,965,970,845,805,695,584,563,476,383,313,215,158,99,84,66,30,26,22,13,23,3512,45.1389756402,45.7788083193,5542,5868,6080,6705,5908,5822,6869,8049,9410,8090,7942,7586,8318,9652,7440,5678,4568,2701,869,157,23,17490,74699,31088,13996,3750,14.1875613456,60.5944336738,25.2180049807,11.3532938018,3.0419299626
18410,18423,202,18202,2,2015.0,2000.0,ì÷âÍés,32264,257,276,275,291,298,320,298,287,328,353,300,322,339,307,352,361,414,400,334,203,217,229,229,249,284,325,335,314,348,348,353,360,359,371,383,385,391,443,428,490,488,491,513,512,459,456,455,440,460,330,442,436,441,434,442,431,478,452,422,471,476,439,471,475,492,537,611,549,493,267,325,356,370,340,331,274,229,261,281,245,212,210,221,220,224,184,159,115,107,92,80,50,31,28,26,17,9,7,8,4,7,222,44.8935459709,45.8815789474,1397,1586,1620,1712,1208,1670,1826,2137,2463,2141,2195,2254,2353,2457,1722,1290,1087,657,215,45,7,4603,19959,7480,3301,924,14.3655202547,62.2901192185,23.3443605268,10.3021034892,2.8837151239
18411,18424,202,18204,2,2015.0,2000.0,è¨ïlés,14449,101,107,119,133,133,134,130,130,133,130,137,145,167,151,138,148,165,157,121,97,126,121,124,130,139,123,136,145,136,149,143,145,127,161,175,176,160,183,187,204,182,194,198,169,195,192,170,161,184,158,188,180,207,180,203,212,206,220,195,217,220,188,195,225,229,272,288,277,243,131,143,192,173,167,180,127,119,127,145,154,119,125,142,100,109,85,95,73,64,68,45,33,11,17,10,11,6,1,5,2,7,49,46.4945833333,48.3967391304,593,657,738,688,640,689,751,910,938,865,958,1050,1057,1211,855,672,595,385,116,25,7,1988,8546,3866,1800,533,13.8055555556,59.3472222222,26.8472222222,12.5000000000,3.7013888889
18412,18425,202,18205,2,2015.0,,ëÂñÏés,15587,107,108,114,113,107,112,104,122,146,141,130,132,165,158,162,150,148,166,124,100,99,97,94,129,126,122,149,142,144,156,143,142,151,154,172,157,145,177,192,182,200,204,183,203,188,188,150,181,196,118,202,191,200,201,187,234,242,233,214,218,259,241,292,305,309,318,353,328,334,151,156,199,207,213,230,199,151,192,176,182,145,185,172,122,126,115,103,96,62,82,53,36,19,17,9,14,6,5,3,-,3,4,48.9087146249,52.5275000000,549,625,747,688,545,713,762,853,978,833,981,1141,1406,1484,1005,900,750,458,134,28,3,1921,8900,4762,2273,623,12.3275364179,57.1135211448,30.5589424373,14.5864082654,3.9979464801
18415,18428,202,18206,2,2015.0,2000.0,èüéRés,11442,68,91,68,89,82,86,100,99,99,113,89,100,119,104,95,98,95,103,89,82,94,83,100,88,97,107,114,117,107,98,125,126,117,118,111,124,130,115,148,134,136,163,144,137,134,135,112,119,112,94,144,132,119,143,136,152,173,183,172,150,196,195,198,209,232,250,255,244,225,102,116,161,157,156,158,122,113,141,107,130,111,117,106,106,96,97,77,63,64,61,43,42,18,13,9,11,4,5,4,2,1,13,48.7678274565,52.2563025210,398,497,507,467,462,543,597,651,714,572,674,830,1030,1076,748,613,536,362,125,26,1,1402,6540,3487,1663,514,12.2670399860,57.2228541430,30.5101058710,14.5507043486,4.4973313501
18416,18429,202,18207,2,2015.0,2000.0,éIç]és,32789,298,294,333,330,350,340,366,322,362,356,367,365,371,362,373,407,435,410,331,267,263,223,268,259,268,280,291,340,332,350,373,406,400,410,391,401,443,475,483,473,563,560,565,526,525,484,453,477,452,305,423,398,378,375,369,361,396,346,359,391,403,391,396,406,485,528,598,594,494,280,322,410,446,411,355,303,264,262,257,287,229,226,249,186,207,143,141,123,104,93,58,59,33,18,20,23,7,6,6,3,3,86,43.8161789438,43.9420152091,1605,1746,1838,1850,1281,1593,1980,2275,2739,2171,1943,1853,2081,2494,1944,1373,1097,604,188,45,3,5189,19766,7748,3310,840,15.8670458368,60.4409381402,23.6920160230,10.1213955906,2.5685716907
18417,18430,202,18208,2,2015.0,,Ç†ÇÌÇÁés,13451,87,89,111,93,113,113,102,101,107,121,121,108,126,119,139,136,134,156,116,108,113,108,123,119,130,124,137,141,122,135,159,154,130,124,137,146,131,165,159,163,175,185,191,200,187,177,185,160,170,132,183,193,188,177,172,191,179,197,199,195,228,181,221,223,252,252,308,279,262,143,149,165,186,171,162,125,109,127,136,122,121,101,116,85,90,82,73,80,58,46,45,30,18,15,7,5,3,-,1,3,2,13,47.2215359428,49.5227272727,493,544,613,650,593,659,704,764,938,824,913,961,1105,1244,833,619,513,339,115,12,2,1650,8111,3677,1600,468,12.2786128888,60.3586843280,27.3627027832,11.9065337104,3.4826611103
18420,18433,202,18209,2,2015.0,,âzëOés,38424,328,331,312,320,342,355,382,380,331,390,402,401,430,366,405,446,406,449,366,347,312,326,330,336,385,363,383,373,359,416,378,382,417,365,411,478,485,517,522,549,613,596,592,552,537,485,512,507,527,385,496,452,432,434,477,447,566,461,483,496,525,464,523,604,617,684,722,715,641,325,385,463,489,492,458,377,306,328,346,381,298,256,317,273,255,248,206,188,147,144,108,54,40,34,25,33,16,8,9,1,7,286,45.4508364361,46.2304687500,1633,1838,2004,2014,1689,1894,1953,2551,2890,2416,2291,2453,2733,3087,2287,1738,1399,933,261,67,7,5475,22884,9779,4405,1268,14.3557606587,60.0031464681,25.6410928732,11.5501599455,3.3247679480
18423,18436,202,18210,2,2015.0,,ç‚à‰és,43051,305,383,369,384,394,384,468,489,469,447,467,446,454,522,528,515,505,523,449,432,319,363,353,370,368,401,416,432,434,429,436,449,479,460,498,500,523,537,553,641,636,697,714,682,640,625,600,579,599,409,610,540,553,551,520,546,566,564,525,574,580,548,582,651,670,705,793,743,742,344,417,482,543,527,448,390,341,351,369,351,312,308,299,278,263,204,179,168,129,120,88,68,40,36,28,22,12,7,6,7,4,272,44.4429626686,45.2024000000,1835,2257,2417,2424,1773,2112,2322,2754,3369,2812,2774,2775,3031,3327,2417,1802,1460,800,260,54,4,6509,26146,10124,4380,1118,15.2154094299,61.1187732299,23.6658173403,10.2386685056,2.6134318240
18429,18442,202,18322,3,2015.0,,âiïΩéõí¨,9517,64,57,68,74,66,88,77,96,73,91,92,87,96,121,111,109,112,88,116,151,183,162,169,172,139,91,105,91,89,103,89,93,96,89,92,115,98,104,125,97,126,123,130,134,108,120,126,119,113,77,107,129,111,116,111,112,123,110,121,121,120,113,141,140,145,158,163,176,160,69,63,108,113,111,113,89,86,89,85,84,69,83,72,73,60,60,39,52,27,30,19,13,12,11,9,5,11,2,2,1,1,64,44.4388553898,44.6898148148,329,425,507,576,825,479,459,539,621,555,574,587,659,726,508,433,357,208,64,21,1,1261,5874,2318,1084,294,13.3396805247,62.1390034910,24.5213159843,11.4672590712,3.1101237702
18434,18447,202,18382,3,2015.0,2000.0,írìcí¨,1244,8,8,4,8,4,4,13,5,9,6,6,7,8,7,11,7,11,9,9,5,6,8,9,9,17,16,8,12,10,12,7,9,11,7,11,7,14,8,15,5,12,22,11,10,17,11,9,14,5,7,18,21,9,17,25,24,10,13,23,14,30,24,20,30,22,22,19,22,14,19,4,17,20,17,24,19,12,15,20,21,14,23,23,22,19,10,21,13,27,12,9,2,8,3,-,1,-,1,-,-,3,-,54.3151125402,58.7391304348,32,37,39,41,49,58,45,49,72,46,90,84,126,96,82,87,101,83,22,2,3,108,660,476,298,110,8.6816720257,53.0546623794,38.2636655949,23.9549839228,8.8424437299
18436,18449,202,18404,3,2015.0,,ìÏâzëOí¨,5162,35,45,32,36,58,47,46,48,51,48,50,53,57,38,49,58,52,60,64,49,50,40,49,47,50,46,50,42,50,53,61,44,46,59,52,48,60,58,56,62,56,52,67,61,49,60,57,57,61,47,68,59,67,60,58,68,59,69,71,75,99,72,82,80,104,129,116,104,93,39,42,58,61,74,56,50,47,58,54,56,44,59,54,48,44,41,43,38,26,22,14,11,10,6,1,4,2,-,1,-,-,-,47.3120883379,50.2205882353,206,240,247,283,236,241,262,284,285,282,312,342,437,481,291,265,249,170,42,7,-,693,2964,1505,733,219,13.4250290585,57.4196048043,29.1553661372,14.1999225107,4.2425416505
18441,18454,202,18423,3,2015.0,,âzëOí¨,10268,77,66,76,72,96,97,85,98,98,97,97,94,122,109,102,106,86,115,119,80,78,73,75,95,87,86,99,87,94,76,95,100,123,106,110,122,114,131,103,135,94,135,148,155,132,137,123,139,120,97,140,133,117,130,141,151,124,131,133,135,176,145,187,188,207,211,220,231,197,87,86,124,142,113,127,114,89,103,85,115,94,87,99,81,75,75,62,48,52,39,29,22,10,16,15,9,3,2,1,-,1,5,47.2292214752,49.6958762887,387,475,524,506,408,442,534,605,664,616,661,674,903,946,592,506,436,276,92,15,1,1386,6013,2864,1326,384,13.5048231511,58.5891064991,27.9060703498,12.9201987723,3.7415960246
18447,18460,202,18442,3,2015.0,2000.0,î¸ïlí¨,4981,36,46,35,37,31,28,44,36,38,30,35,40,37,43,38,53,37,44,38,23,26,41,46,41,50,56,59,47,84,54,50,56,50,40,50,55,56,55,89,62,48,56,61,66,85,59,67,66,61,46,82,74,82,70,70,77,73,58,92,84,62,80,81,89,85,99,85,102,95,43,48,66,61,67,67,46,48,56,58,51,50,46,32,32,40,39,35,24,29,14,22,8,3,4,6,4,2,1,-,1,1,6,48.1317587940,50.6890243902,185,176,193,195,204,300,246,317,316,299,378,384,397,424,309,259,200,141,43,8,1,554,3036,1385,652,193,11.1356783920,61.0251256281,27.8391959799,13.1055276382,3.8793969849
18449,18462,202,18481,3,2015.0,2000.0,çÇïlí¨,5367,41,40,56,48,43,41,50,42,41,47,51,45,65,52,47,51,54,56,50,37,30,51,48,68,69,77,81,58,57,60,60,48,66,51,42,61,63,65,74,83,76,88,90,73,74,61,65,73,73,52,71,58,93,87,55,72,68,65,82,80,71,82,81,87,64,100,96,99,107,39,44,65,77,62,62,57,38,42,47,55,43,33,47,39,28,29,21,28,25,17,11,11,7,4,1,6,2,1,2,-,-,12,45.6305322129,46.7153846154,228,221,260,248,266,333,267,346,401,324,364,367,385,441,310,239,190,120,34,11,-,709,3301,1345,594,165,13.2399626517,61.6433239963,25.1167133520,11.0924369748,3.0812324930
18450,18463,202,18483,3,2015.0,,Ç®Ç®Ç¢í¨,4181,34,31,33,42,44,42,44,35,42,34,39,42,28,38,24,44,48,37,33,16,27,30,46,51,49,47,57,41,45,31,27,31,51,31,42,50,50,60,51,52,42,70,55,46,59,59,56,54,55,39,61,50,75,71,74,56,73,82,62,62,74,55,73,82,71,76,62,79,60,26,36,44,51,59,39,32,32,42,39,27,40,38,27,19,30,26,24,19,21,18,10,6,5,4,5,2,1,1,-,-,-,26,46.2191335740,48.6818181818,184,197,171,178,203,221,182,263,272,263,331,335,355,303,229,172,154,108,30,4,-,552,2603,1000,468,142,13.2851985560,62.6474127557,24.0673886883,11.2635379061,3.4175691937
18454,18467,202,18501,3,2015.0,,é·ã∑í¨,7270,53,50,62,65,58,69,70,70,64,57,58,54,93,73,81,81,65,77,51,40,49,56,50,69,70,52,66,58,69,70,57,55,65,55,60,89,96,73,83,99,71,79,94,99,98,88,78,93,80,70,91,96,113,114,91,108,118,91,113,117,106,118,99,120,118,137,143,142,114,64,75,100,102,95,104,61,71,82,100,86,85,77,86,66,71,58,51,48,43,42,22,17,10,8,2,5,3,1,-,1,2,1,48.3166185170,51.6406250000,288,330,359,314,294,315,292,440,441,409,505,547,561,600,476,400,385,242,59,10,2,977,4118,2174,1098,313,13.4406383271,56.6515339111,29.9078277617,15.1052414362,4.3059568029
