1_うち日本人,0_総数,2,18_福井県,18201,,18_福井県,18201,福井市,255176,1911,1982,1948,2033,2087,2202,2121,2168,2242,2288,2288,2375,2470,2387,2315,2424,2545,2532,2481,2103,2225,2219,2134,2114,2217,2183,2214,2140,2319,2294,2326,2533,2551,2655,2727,2768,2932,3005,2874,2905,3199,3174,3312,3353,3459,3680,3863,3989,3932,3746,3564,3491,3472,3475,2549,3512,3192,3225,3001,3193,3156,3273,3118,2923,3072,3209,3146,3252,3397,3670,4027,4455,4620,4032,2013,2451,3047,3146,3113,2724,2456,1933,2117,2227,2355,1822,1800,1739,1555,1423,1115,1038,871,684,531,457,292,235,155,123,214,1572,32817,145343,75444,39623,14054,149932,47.98508,49.16124
1_うち日本人,0_総数,2,18_福井県,18202,2000.0,18_福井県,18202,敦賀市,62655,421,418,469,512,508,536,536,558,546,596,589,569,616,605,607,573,635,663,532,402,392,429,476,467,479,481,515,576,509,525,629,648,572,641,648,729,735,717,695,783,743,763,808,830,946,928,936,1029,970,898,859,848,854,898,622,829,839,821,829,790,790,865,791,793,885,877,805,906,900,912,1062,1134,1063,943,540,587,706,704,677,590,547,468,489,518,501,439,410,393,421,345,302,283,196,170,133,114,60,43,36,23,46,611,8086,35615,18343,9201,3414,37210,48.19975,49.59243
1_うち日本人,0_総数,2,18_福井県,18204,2000.0,18_福井県,18204,小浜市,27905,215,202,209,215,237,230,205,237,257,235,242,250,246,229,259,236,246,280,193,133,177,172,207,215,218,254,264,255,245,260,235,255,261,250,256,273,284,284,312,306,318,309,338,349,372,361,376,396,364,360,360,331,350,350,296,335,395,401,334,388,395,397,400,354,387,453,366,364,433,414,495,539,531,433,224,288,390,346,335,347,274,222,279,270,307,236,228,266,220,184,137,162,134,96,83,66,54,22,15,15,17,105,3468,15087,9245,4993,1935,16029,49.99975,52.36286
1_うち日本人,0_総数,2,18_福井県,18205,,18_福井県,18205,大野市,30786,165,159,207,185,214,225,227,246,220,237,217,230,249,283,278,249,267,301,229,168,171,187,170,172,180,219,222,188,214,211,220,245,232,257,272,276,299,301,284,328,335,330,350,403,331,379,403,349,386,354,356,347,382,407,276,393,398,428,424,422,431,491,459,449,497,494,494,578,583,574,635,641,614,554,294,353,414,414,417,427,373,286,373,358,363,306,326,298,240,221,213,185,151,108,121,73,63,27,25,18,27,161,3342,15642,11641,6180,2402,17151,52.64772,56.82286
1_うち日本人,0_総数,2,18_福井県,18206,2000.0,18_福井県,18206,勝山市,21856,121,118,112,163,165,145,169,150,173,171,178,210,187,187,215,196,189,206,152,109,133,126,131,140,167,145,145,141,150,162,152,170,192,189,190,213,220,220,215,197,225,210,254,270,268,250,302,293,277,235,256,228,253,250,192,285,267,251,307,290,286,344,373,331,314,389,358,386,415,429,451,468,433,395,204,198,324,278,299,284,268,224,220,235,265,227,216,185,166,161,138,136,116,87,85,63,52,37,26,19,24,70,2464,11061,8261,4333,1738,12186,52.36344,56.49064
1_うち日本人,0_総数,2,18_福井県,18207,2000.0,18_福井県,18207,鯖江市,67087,510,572,592,564,585,630,585,642,677,700,688,714,689,699,718,734,771,799,715,542,546,537,498,531,543,608,555,555,612,602,595,659,709,734,713,758,849,799,816,779,851,903,951,975,972,1094,1097,1122,1085,1034,978,888,928,927,612,839,793,817,783,733,743,791,747,701,768,867,735,819,822,971,1076,1192,1173,961,554,599,760,797,760,682,597,508,522,508,552,451,422,371,315,346,246,246,206,167,115,92,68,54,45,28,67,137,9565,38691,18694,9524,3239,39344,46.58019,47.45276
1_うち日本人,0_総数,2,18_福井県,18208,,18_福井県,18208,あわら市,26977,160,169,175,186,181,193,189,227,200,204,220,206,218,223,226,249,219,257,174,185,205,171,184,174,222,218,224,195,198,223,218,254,263,220,253,288,305,263,264,266,272,285,305,305,328,342,362,373,386,349,333,333,355,358,277,396,370,388,371,374,377,387,376,381,373,441,396,420,453,482,488,589,546,508,286,276,326,342,330,332,285,212,226,284,273,247,218,219,189,172,161,132,136,94,63,69,35,22,24,13,29,234,2977,14448,9318,4709,1823,15556,51.05319,54.05957
1_うち日本人,0_総数,2,18_福井県,18209,,18_福井県,18209,越前市,75526,552,558,599,580,581,660,648,644,622,676,687,719,703,737,750,762,747,819,677,602,604,534,569,618,680,660,694,677,671,681,695,713,724,695,756,768,761,753,727,819,906,922,975,994,1063,1135,1112,1130,1091,997,978,976,1019,1038,713,984,943,909,850,915,940,1068,928,948,939,1017,941,1075,1185,1204,1307,1407,1387,1187,595,733,899,944,981,827,719,620,663,709,721,586,555,542,510,444,393,348,289,201,189,166,102,71,49,34,57,274,9716,41879,23657,12352,4536,43694,48.67028,50.18303
1_うち日本人,0_総数,2,18_福井県,18210,,18_福井県,18210,坂井市,86348,567,583,629,680,711,711,791,811,787,811,832,917,881,885,897,896,886,919,889,764,714,719,759,755,725,716,751,689,727,651,717,788,790,827,863,919,894,945,951,962,1023,1045,1105,1118,1242,1267,1382,1431,1394,1272,1218,1240,1194,1228,862,1221,1123,1129,1110,1097,1067,1148,1125,1047,1154,1103,1075,1177,1261,1323,1395,1594,1430,1425,674,806,956,1044,992,919,767,638,689,724,739,658,577,530,531,451,336,332,312,230,192,138,100,63,50,35,58,73,11493,49458,25324,12867,4593,51043,47.84356,49.33137
1_うち日本人,0_総数,3,18_福井県,18322,,18_福井県,18322,永平寺町,18546,106,103,112,128,109,132,143,134,156,156,160,167,170,158,183,185,177,169,250,262,288,301,269,278,214,221,179,170,130,138,161,161,167,137,176,190,149,172,157,185,222,185,191,224,226,256,240,255,267,234,229,244,240,236,177,249,233,221,215,234,239,236,238,228,228,239,235,248,268,276,289,306,332,282,135,157,203,221,218,213,173,167,164,151,166,156,146,133,147,106,118,83,66,56,44,34,25,18,15,7,14,185,2117,10633,5611,3001,1168,10856,48.09496,49.4765
1_うち日本人,0_総数,3,18_福井県,18382,2000.0,18_福井県,18382,池田町,2409,18,11,6,14,12,15,13,7,11,10,12,23,13,16,14,10,14,13,11,16,17,14,11,18,13,29,14,14,12,22,22,15,18,16,20,16,21,23,22,20,21,22,17,21,27,20,33,25,24,36,19,18,26,16,20,37,42,25,42,45,42,27,39,42,29,48,42,31,47,42,48,42,52,39,27,24,27,42,31,38,44,22,37,44,48,35,37,35,33,22,18,35,14,23,14,11,6,9,4,1,6,-,195,1136,1078,660,303,1282,57.03051,61.38889
1_うち日本人,0_総数,3,18_福井県,18404,,18_福井県,18404,南越前町,9945,60,60,69,67,72,80,81,75,69,102,80,75,94,85,92,82,105,113,82,57,67,51,71,78,65,75,70,79,75,77,75,80,77,83,93,99,89,104,111,94,101,112,98,105,114,103,96,125,126,103,127,114,97,121,88,121,121,129,127,134,125,143,160,124,157,165,152,167,159,180,212,205,212,157,65,101,115,131,139,122,112,98,106,123,122,96,128,90,107,85,68,87,56,54,54,27,25,16,10,5,10,-,1161,5023,3761,2087,918,5407,52.09658,56.07025
1_うち日本人,0_総数,3,18_福井県,18423,,18_福井県,18423,越前町,19943,102,114,128,116,131,157,131,161,158,171,190,178,202,196,191,184,182,220,184,136,138,114,139,160,135,142,154,147,128,141,148,159,141,165,157,165,192,205,218,207,227,224,240,213,235,209,270,281,276,269,267,243,281,248,190,289,279,241,256,263,276,270,287,239,301,343,290,345,387,363,403,390,406,363,171,178,267,266,254,234,220,173,208,175,225,186,166,173,165,148,131,125,89,96,55,54,37,22,16,18,25,15,2326,10435,7167,3706,1506,11257,51.31724,54.49474
1_うち日本人,0_総数,3,18_福井県,18442,2000.0,18_福井県,18442,美浜町,9062,71,59,52,79,68,61,76,63,62,54,60,76,74,69,72,79,103,77,61,42,53,31,35,57,63,88,83,81,89,95,79,91,80,111,80,74,81,103,93,86,94,92,115,133,114,88,104,112,115,117,106,111,97,100,78,124,135,143,104,106,125,137,120,136,132,118,138,166,160,167,188,189,182,175,89,96,143,120,143,124,96,102,97,104,100,92,73,60,66,55,49,49,34,39,24,14,11,12,5,1,7,25,996,4753,3288,1716,591,5140,51.4948,55.25403
1_うち日本人,0_総数,3,18_福井県,18481,2000.0,18_福井県,18481,高浜町,10119,64,65,98,73,73,81,64,83,79,80,78,97,80,91,92,89,88,114,67,65,54,63,65,79,80,67,102,92,99,81,102,95,75,98,113,91,105,96,95,100,101,96,119,151,142,147,181,170,136,128,118,124,130,134,112,130,119,141,140,100,127,136,124,129,124,130,154,143,148,140,186,190,194,177,71,96,130,141,124,114,110,75,85,90,102,80,64,91,79,60,49,42,40,44,34,28,10,14,8,8,16,220,1198,5434,3267,1734,667,5726,49.89731,51.70565
1_うち日本人,0_総数,3,18_福井県,18483,,18_福井県,18483,おおい町,7834,65,60,71,56,73,62,71,77,79,90,87,74,69,77,77,70,76,66,58,42,40,52,38,59,59,65,73,71,73,73,61,79,74,85,64,74,81,92,65,75,86,83,93,82,106,88,123,84,100,89,105,105,88,104,62,105,80,126,127,119,96,121,137,104,97,129,94,120,129,119,142,127,136,120,62,72,94,92,104,82,66,78,76,77,68,75,78,62,59,61,43,48,35,29,22,12,13,9,3,4,6,25,1088,4175,2546,1368,559,4454,49.40511,52.08523
1_うち日本人,0_総数,3,18_福井県,18501,,18_福井県,18501,若狭町,13894,87,83,103,103,95,109,103,113,129,124,137,147,133,132,129,133,127,143,107,68,56,66,85,87,76,98,102,110,91,112,96,107,104,117,120,98,113,105,118,127,165,156,148,160,184,175,151,195,189,179,163,174,185,180,136,180,186,200,190,187,208,220,193,188,187,193,226,212,233,226,240,280,274,222,123,154,190,182,196,196,139,133,160,167,168,159,139,147,133,124,89,96,71,61,51,35,32,15,18,6,11,21,1727,7045,5101,2872,1187,7557,51.88514,55.575
